Dimension,Accuracy,Sensitivity,Specificity,Time
1,0.0,0.0,0.0,0.0
8,0.8120614035087719,0.9722222222222221,0.541991341991342,0.00971397047951108
15,0.8031641604010025,0.9831746031746033,0.5,0.01206538044569785
22,0.8119987468671679,0.9916666666666666,0.5077922077922078,0.011839844566538818
29,0.8155075187969925,0.986031746031746,0.5279220779220778,0.01590555595574821
